user_id,age,gender,location
1,56,Male,Bangalore
2,46,Female,Chennai
3,32,Male,Delhi
4,60,Other,Bangalore
5,25,Male,Hyderabad
6,38,Male,Bangalore
7,56,Male,Mumbai
8,36,Male,Delhi
9,40,Other,Hyderabad
10,28,Other,Chennai
11,28,Female,Hyderabad
12,41,Other,Chennai
13,53,Other,Hyderabad
14,57,Female,Bangalore
15,41,Other,Bangalore
16,20,Male,Bangalore
17,39,Male,Mumbai
18,19,Female,Chennai
19,41,Female,Bangalore
20,61,Female,Mumbai
21,47,Male,Chennai
22,55,Other,Hyderabad
23,19,Male,Mumbai
24,38,Female,Delhi
25,50,Other,Mumbai
26,29,Other,Mumbai
27,39,Male,Chennai
28,61,Female,Hyderabad
29,42,Male,Delhi
30,44,Other,Bangalore
31,59,Male,Bangalore
32,45,Male,Mumbai
33,33,Female,Chennai
34,32,Female,Chennai
35,64,Other,Bangalore
36,61,Male,Delhi
37,20,Male,Hyderabad
38,54,Male,Delhi
39,24,Other,Hyderabad
40,38,Other,Bangalore
41,26,Female,Hyderabad
42,56,Female,Chennai
43,35,Female,Mumbai
44,21,Male,Mumbai
45,42,Male,Bangalore
46,31,Female,Chennai
47,26,Male,Delhi
48,43,Female,Chennai
49,19,Other,Mumbai
50,37,Female,Mumbai
51,45,Other,Chennai
52,64,Male,Chennai
53,24,Female,Mumbai
54,61,Male,Delhi
55,25,Other,Bangalore
56,64,Other,Bangalore
57,52,Other,Chennai
58,31,Male,Bangalore
59,34,Male,Mumbai
60,53,Male,Mumbai
61,57,Male,Chennai
62,21,Other,Chennai
63,19,Other,Chennai
64,23,Female,Delhi
65,59,Female,Bangalore
66,21,Male,Chennai
67,46,Other,Hyderabad
68,35,Other,Hyderabad
69,43,Other,Mumbai
70,61,Female,Bangalore
71,51,Female,Chennai
72,27,Other,Hyderabad
73,53,Other,Bangalore
74,31,Other,Mumbai
75,48,Female,Delhi
76,32,Other,Bangalore
77,25,Other,Bangalore
78,31,Male,Delhi
79,40,Male,Bangalore
80,57,Female,Mumbai
81,38,Other,Mumbai
82,33,Other,Delhi
83,62,Male,Chennai
84,35,Female,Hyderabad
85,64,Male,Chennai
86,41,Male,Bangalore
87,43,Male,Hyderabad
88,42,Male,Delhi
89,62,Other,Delhi
90,58,Other,Hyderabad
91,46,Male,Mumbai
92,32,Female,Hyderabad
93,62,Female,Bangalore
94,18,Female,Mumbai
95,42,Female,Delhi
96,24,Male,Hyderabad
97,26,Other,Chennai
98,41,Female,Chennai
99,18,Male,Bangalore
100,61,Female,Chennai
101,25,Female,Hyderabad
102,41,Male,Hyderabad
103,28,Other,Chennai
104,34,Other,Hyderabad
105,25,Male,Bangalore
106,52,Other,Mumbai
107,52,Male,Bangalore
108,50,Male,Bangalore
109,22,Male,Hyderabad
110,59,Other,Mumbai
111,56,Male,Hyderabad
112,58,Female,Delhi
113,45,Other,Hyderabad
114,24,Other,Hyderabad
115,26,Other,Hyderabad
116,25,Other,Mumbai
117,29,Female,Hyderabad
118,51,Other,Mumbai
119,50,Other,Chennai
120,40,Male,Delhi
121,41,Other,Mumbai
122,54,Female,Chennai
123,52,Female,Mumbai
124,61,Female,Mumbai
125,57,Female,Delhi
126,39,Other,Bangalore
127,44,Other,Bangalore
128,52,Female,Mumbai
129,18,Female,Hyderabad
130,52,Other,Chennai
131,54,Female,Hyderabad
132,64,Male,Hyderabad
133,31,Female,Mumbai
134,20,Female,Mumbai
135,18,Male,Mumbai
136,22,Male,Mumbai
137,43,Other,Bangalore
138,31,Other,Mumbai
139,56,Male,Bangalore
140,44,Male,Bangalore
141,26,Other,Mumbai
142,32,Female,Delhi
143,32,Male,Chennai
144,43,Other,Hyderabad
145,59,Female,Bangalore
146,30,Male,Chennai
147,49,Female,Delhi
148,56,Other,Hyderabad
149,49,Male,Hyderabad
150,21,Female,Bangalore
151,47,Male,Mumbai
152,54,Female,Delhi
153,40,Other,Bangalore
154,56,Other,Delhi
155,62,Male,Mumbai
156,32,Female,Mumbai
157,60,Male,Bangalore
158,46,Male,Mumbai
159,53,Female,Chennai
160,30,Female,Hyderabad
161,49,Female,Bangalore
162,24,Other,Delhi
163,39,Male,Chennai
164,45,Male,Bangalore
165,19,Other,Mumbai
166,59,Female,Mumbai
167,62,Other,Mumbai
168,23,Other,Mumbai
169,45,Other,Delhi
170,45,Male,Chennai
171,61,Other,Hyderabad
172,61,Male,Delhi
173,37,Male,Delhi
174,47,Male,Hyderabad
175,28,Female,Hyderabad
176,45,Male,Mumbai
177,42,Male,Delhi
178,56,Female,Bangalore
179,50,Male,Hyderabad
180,18,Other,Hyderabad
181,44,Other,Chennai
182,30,Male,Bangalore
183,58,Female,Bangalore
184,20,Other,Hyderabad
185,56,Female,Mumbai
186,23,Female,Chennai
187,25,Other,Bangalore
188,44,Female,Hyderabad
189,26,Other,Bangalore
190,54,Female,Chennai
191,50,Other,Chennai
192,59,Male,Delhi
193,61,Other,Hyderabad
194,41,Other,Chennai
195,32,Other,Delhi
196,49,Other,Delhi
197,49,Female,Bangalore
198,41,Male,Bangalore
199,58,Other,Delhi
200,29,Female,Bangalore
201,56,Male,Chennai
202,19,Male,Mumbai
203,20,Male,Chennai
204,54,Male,Delhi
205,34,Other,Delhi
206,19,Other,Chennai
207,19,Female,Bangalore
208,45,Female,Bangalore
209,40,Female,Delhi
210,54,Male,Hyderabad
211,49,Male,Bangalore
212,50,Other,Chennai
213,18,Male,Bangalore
214,36,Male,Chennai
215,19,Male,Delhi
216,61,Female,Bangalore
217,43,Female,Chennai
218,49,Other,Delhi
219,23,Male,Hyderabad
220,49,Male,Chennai
221,21,Other,Hyderabad
222,28,Male,Hyderabad
223,34,Male,Mumbai
224,55,Female,Bangalore
225,41,Other,Chennai
226,22,Other,Hyderabad
227,51,Other,Mumbai
228,23,Other,Delhi
229,39,Female,Chennai
230,28,Female,Hyderabad
231,33,Male,Bangalore
232,50,Male,Mumbai
233,26,Male,Hyderabad
234,23,Male,Bangalore
235,33,Female,Hyderabad
236,46,Other,Chennai
237,20,Female,Chennai
238,37,Male,Chennai
239,53,Female,Mumbai
240,36,Other,Chennai
241,43,Other,Bangalore
242,20,Female,Hyderabad
243,36,Female,Delhi
244,37,Female,Bangalore
245,49,Male,Bangalore
246,24,Female,Chennai
247,58,Female,Mumbai
248,50,Female,Hyderabad
249,57,Other,Mumbai
250,56,Other,Hyderabad
251,35,Male,Hyderabad
252,57,Male,Mumbai
253,18,Other,Bangalore
254,28,Other,Hyderabad
255,45,Other,Mumbai
256,42,Female,Hyderabad
257,40,Female,Delhi
258,48,Other,Bangalore
259,47,Female,Chennai
260,59,Female,Hyderabad
261,52,Male,Delhi
262,24,Other,Chennai
263,33,Other,Chennai
264,43,Female,Hyderabad
265,19,Other,Mumbai
266,18,Male,Hyderabad
267,29,Male,Delhi
268,22,Male,Chennai
269,54,Other,Hyderabad
270,49,Other,Mumbai
271,26,Other,Hyderabad
272,58,Other,Bangalore
273,52,Other,Mumbai
274,36,Male,Delhi
275,33,Female,Chennai
276,20,Male,Hyderabad
277,37,Other,Mumbai
278,41,Male,Bangalore
279,50,Other,Mumbai
280,41,Other,Bangalore
281,28,Male,Delhi
282,25,Other,Chennai
283,53,Female,Delhi
284,55,Other,Hyderabad
285,57,Female,Mumbai
286,37,Female,Bangalore
287,52,Other,Bangalore
288,42,Male,Mumbai
289,52,Female,Mumbai
290,42,Male,Hyderabad
291,46,Female,Delhi
292,35,Other,Bangalore
293,63,Other,Hyderabad
294,35,Female,Delhi
295,19,Other,Hyderabad
296,52,Female,Bangalore
297,33,Other,Mumbai
298,58,Male,Mumbai
299,53,Other,Delhi
300,50,Male,Chennai
301,21,Other,Delhi
302,50,Male,Chennai
303,31,Other,Hyderabad
304,38,Male,Hyderabad
305,37,Female,Bangalore
306,25,Female,Chennai
307,24,Male,Bangalore
308,20,Other,Mumbai
309,34,Male,Chennai
310,50,Other,Delhi
311,29,Female,Mumbai
312,39,Other,Mumbai
313,39,Female,Delhi
314,63,Other,Mumbai
315,47,Other,Chennai
316,55,Other,Bangalore
317,55,Male,Mumbai
318,62,Male,Chennai
319,25,Female,Hyderabad
320,44,Female,Chennai
321,44,Male,Bangalore
322,51,Female,Chennai
323,38,Male,Delhi
324,47,Other,Bangalore
325,50,Female,Hyderabad
326,45,Female,Delhi
327,64,Male,Chennai
328,50,Female,Bangalore
329,22,Female,Hyderabad
330,36,Other,Delhi
331,21,Female,Hyderabad
332,52,Other,Chennai
333,34,Male,Hyderabad
334,61,Female,Mumbai
335,45,Other,Delhi
336,47,Male,Hyderabad
337,46,Female,Chennai
338,63,Male,Chennai
339,23,Female,Hyderabad
340,52,Male,Chennai
341,58,Male,Bangalore
342,54,Other,Bangalore
343,41,Male,Bangalore
344,46,Female,Mumbai
345,63,Female,Hyderabad
346,48,Other,Mumbai
347,52,Female,Chennai
348,50,Female,Mumbai
349,38,Female,Chennai
350,49,Male,Chennai
351,40,Male,Delhi
352,50,Female,Bangalore
353,20,Other,Chennai
354,35,Male,Delhi
355,42,Other,Bangalore
356,59,Female,Chennai
357,48,Female,Chennai
358,20,Male,Mumbai
359,57,Female,Mumbai
360,63,Male,Bangalore
361,41,Female,Chennai
362,49,Female,Hyderabad
363,64,Male,Mumbai
364,39,Male,Bangalore
365,40,Male,Chennai
366,19,Female,Chennai
367,44,Female,Hyderabad
368,59,Other,Bangalore
369,19,Male,Chennai
370,43,Female,Mumbai
371,34,Female,Hyderabad
372,57,Male,Bangalore
373,50,Other,Hyderabad
374,26,Male,Mumbai
375,60,Other,Bangalore
376,56,Female,Hyderabad
377,46,Other,Delhi
378,59,Female,Mumbai
379,43,Male,Mumbai
380,52,Male,Mumbai
381,42,Male,Delhi
382,41,Other,Delhi
383,30,Female,Chennai
384,24,Male,Hyderabad
385,53,Male,Chennai
386,62,Female,Hyderabad
387,37,Male,Delhi
388,18,Female,Delhi
389,25,Female,Chennai
390,63,Female,Bangalore
391,33,Female,Chennai
392,31,Female,Hyderabad
393,29,Other,Chennai
394,40,Male,Mumbai
395,32,Other,Hyderabad
396,45,Male,Hyderabad
397,51,Other,Bangalore
398,19,Female,Delhi
399,49,Male,Hyderabad
400,40,Male,Delhi
401,39,Other,Chennai
402,42,Other,Mumbai
403,39,Male,Bangalore
404,39,Other,Delhi
405,59,Other,Hyderabad
406,23,Other,Delhi
407,32,Female,Hyderabad
408,60,Female,Delhi
409,54,Other,Hyderabad
410,50,Other,Chennai
411,25,Female,Hyderabad
412,61,Female,Hyderabad
413,61,Male,Mumbai
414,22,Male,Hyderabad
415,56,Female,Mumbai
416,21,Other,Bangalore
417,23,Other,Mumbai
418,62,Other,Chennai
419,49,Other,Mumbai
420,47,Male,Bangalore
421,64,Female,Chennai
422,52,Other,Delhi
423,57,Male,Delhi
424,33,Other,Mumbai
425,30,Female,Mumbai
426,59,Male,Bangalore
427,47,Female,Bangalore
428,36,Female,Hyderabad
429,34,Male,Bangalore
430,36,Male,Hyderabad
431,45,Male,Chennai
432,43,Male,Mumbai
433,54,Male,Chennai
434,43,Male,Bangalore
435,40,Male,Chennai
436,26,Other,Chennai
437,29,Female,Chennai
438,18,Male,Bangalore
439,18,Other,Chennai
440,64,Other,Hyderabad
441,51,Other,Bangalore
442,49,Female,Chennai
443,42,Male,Bangalore
444,57,Other,Delhi
445,62,Female,Hyderabad
446,18,Female,Chennai
447,33,Female,Delhi
448,56,Other,Delhi
449,22,Male,Bangalore
450,39,Other,Delhi
451,46,Other,Hyderabad
452,20,Male,Hyderabad
453,29,Male,Mumbai
454,43,Male,Hyderabad
455,33,Female,Delhi
456,54,Male,Hyderabad
457,39,Other,Bangalore
458,46,Male,Mumbai
459,31,Other,Delhi
460,45,Female,Mumbai
461,22,Other,Delhi
462,64,Other,Bangalore
463,47,Male,Mumbai
464,63,Male,Chennai
465,22,Other,Delhi
466,29,Male,Chennai
467,33,Female,Mumbai
468,43,Female,Chennai
469,43,Male,Chennai
470,38,Female,Mumbai
471,56,Male,Bangalore
472,53,Other,Chennai
473,50,Other,Chennai
474,47,Female,Bangalore
475,54,Male,Chennai
476,40,Male,Chennai
477,27,Female,Chennai
478,22,Other,Hyderabad
479,53,Female,Bangalore
480,51,Other,Chennai
481,48,Male,Bangalore
482,27,Other,Delhi
483,36,Female,Delhi
484,49,Male,Chennai
485,18,Female,Bangalore
486,22,Female,Bangalore
487,62,Other,Bangalore
488,21,Female,Hyderabad
489,33,Other,Delhi
490,41,Male,Bangalore
491,33,Other,Bangalore
492,19,Male,Hyderabad
493,45,Other,Hyderabad
494,49,Female,Bangalore
495,44,Other,Mumbai
496,37,Other,Bangalore
497,41,Male,Bangalore
498,29,Female,Hyderabad
499,52,Other,Hyderabad
500,50,Female,Bangalore
501,50,Other,Bangalore
502,60,Other,Bangalore
503,54,Female,Hyderabad
504,29,Other,Bangalore
505,20,Female,Bangalore
506,18,Other,Chennai
507,50,Male,Mumbai
508,57,Female,Delhi
509,27,Other,Mumbai
510,60,Other,Chennai
511,61,Male,Delhi
512,46,Female,Bangalore
513,30,Other,Chennai
514,29,Male,Bangalore
515,48,Other,Hyderabad
516,63,Female,Chennai
517,19,Other,Hyderabad
518,52,Other,Chennai
519,40,Other,Chennai
520,34,Other,Hyderabad
521,43,Male,Delhi
522,25,Male,Mumbai
523,46,Female,Bangalore
524,43,Male,Chennai
525,27,Male,Bangalore
526,43,Female,Hyderabad
527,51,Male,Bangalore
528,58,Male,Hyderabad
529,24,Female,Bangalore
530,21,Female,Mumbai
531,62,Female,Mumbai
532,28,Other,Mumbai
533,46,Other,Mumbai
534,53,Female,Mumbai
535,42,Female,Mumbai
536,38,Female,Hyderabad
537,53,Other,Chennai
538,27,Other,Bangalore
539,54,Male,Mumbai
540,26,Male,Hyderabad
541,41,Female,Hyderabad
542,52,Other,Hyderabad
543,52,Other,Chennai
544,53,Other,Bangalore
545,35,Female,Chennai
546,56,Male,Delhi
547,49,Female,Hyderabad
548,41,Male,Delhi
549,40,Male,Mumbai
550,49,Female,Mumbai
551,54,Male,Chennai
552,29,Male,Bangalore
553,30,Other,Delhi
554,40,Male,Bangalore
555,42,Female,Chennai
556,52,Female,Mumbai
557,58,Male,Bangalore
558,47,Other,Bangalore
559,34,Other,Mumbai
560,37,Male,Delhi
561,42,Male,Mumbai
562,39,Female,Bangalore
563,30,Male,Delhi
564,36,Other,Delhi
565,53,Male,Mumbai
566,29,Female,Bangalore
567,58,Female,Chennai
568,36,Female,Bangalore
569,29,Female,Hyderabad
570,26,Female,Chennai
571,24,Male,Delhi
572,45,Male,Chennai
573,31,Male,Delhi
574,48,Male,Delhi
575,36,Female,Chennai
576,64,Other,Delhi
577,33,Male,Delhi
578,22,Other,Hyderabad
579,52,Male,Bangalore
580,29,Male,Bangalore
581,42,Other,Hyderabad
582,38,Female,Chennai
583,53,Male,Mumbai
584,40,Male,Mumbai
585,33,Male,Mumbai
586,56,Other,Hyderabad
587,62,Female,Hyderabad
588,59,Other,Delhi
589,56,Other,Mumbai
590,31,Female,Chennai
591,48,Other,Chennai
592,22,Female,Mumbai
593,52,Male,Mumbai
594,40,Female,Mumbai
595,46,Male,Hyderabad
596,60,Other,Hyderabad
597,28,Other,Hyderabad
598,35,Male,Bangalore
599,64,Other,Chennai
600,29,Female,Chennai
601,26,Male,Delhi
602,27,Other,Hyderabad
603,61,Male,Bangalore
604,34,Female,Bangalore
605,55,Female,Chennai
606,24,Other,Hyderabad
607,63,Female,Delhi
608,30,Male,Hyderabad
609,57,Female,Mumbai
610,59,Male,Hyderabad
611,26,Male,Mumbai
612,44,Female,Mumbai
613,19,Other,Delhi
614,22,Female,Chennai
615,46,Male,Hyderabad
616,54,Male,Mumbai
617,55,Female,Hyderabad
618,36,Other,Chennai
619,25,Other,Chennai
620,62,Male,Bangalore
621,18,Male,Chennai
622,39,Other,Delhi
623,34,Female,Mumbai
624,24,Male,Bangalore
625,42,Male,Delhi
626,62,Other,Hyderabad
627,21,Female,Mumbai
628,53,Other,Chennai
629,23,Female,Mumbai
630,48,Female,Hyderabad
631,36,Female,Bangalore
632,61,Male,Bangalore
633,56,Other,Bangalore
634,44,Other,Chennai
635,27,Female,Delhi
636,43,Male,Delhi
637,36,Male,Mumbai
638,56,Other,Chennai
639,20,Male,Bangalore
640,62,Male,Bangalore
641,30,Female,Hyderabad
642,45,Male,Hyderabad
643,37,Female,Bangalore
644,45,Other,Bangalore
645,25,Male,Chennai
646,58,Other,Delhi
647,56,Other,Hyderabad
648,18,Male,Delhi
649,20,Male,Chennai
650,30,Other,Bangalore
651,45,Male,Delhi
652,42,Female,Bangalore
653,50,Female,Bangalore
654,55,Male,Mumbai
655,23,Other,Delhi
656,61,Male,Delhi
657,62,Male,Bangalore
658,49,Other,Chennai
659,62,Other,Mumbai
660,64,Female,Bangalore
661,38,Other,Hyderabad
662,33,Female,Hyderabad
663,38,Other,Mumbai
664,28,Male,Chennai
665,54,Female,Bangalore
666,53,Female,Delhi
667,52,Female,Mumbai
668,36,Male,Chennai
669,37,Male,Delhi
670,35,Male,Hyderabad
671,64,Male,Hyderabad
672,58,Male,Delhi
673,31,Female,Mumbai
674,32,Male,Hyderabad
675,48,Female,Bangalore
676,18,Male,Delhi
677,20,Other,Delhi
678,33,Female,Hyderabad
679,40,Other,Mumbai
680,28,Female,Bangalore
681,29,Other,Mumbai
682,27,Male,Chennai
683,49,Male,Chennai
684,33,Male,Hyderabad
685,25,Female,Hyderabad
686,55,Other,Hyderabad
687,29,Male,Chennai
688,41,Other,Mumbai
689,45,Other,Mumbai
690,25,Male,Hyderabad
691,45,Male,Bangalore
692,53,Other,Mumbai
693,43,Male,Chennai
694,25,Male,Delhi
695,45,Male,Delhi
696,45,Female,Delhi
697,54,Other,Bangalore
698,58,Other,Hyderabad
699,53,Female,Chennai
700,44,Other,Bangalore
701,34,Male,Chennai
702,26,Other,Chennai
703,50,Male,Hyderabad
704,37,Female,Delhi
705,30,Male,Hyderabad
706,45,Other,Bangalore
707,46,Other,Bangalore
708,30,Other,Bangalore
709,63,Female,Hyderabad
710,52,Female,Chennai
711,23,Other,Chennai
712,35,Male,Mumbai
713,22,Female,Bangalore
714,64,Other,Chennai
715,42,Other,Mumbai
716,19,Female,Chennai
717,27,Female,Bangalore
718,47,Female,Delhi
719,62,Male,Bangalore
720,22,Male,Hyderabad
721,50,Other,Chennai
722,18,Female,Chennai
723,35,Male,Hyderabad
724,49,Female,Hyderabad
725,64,Other,Delhi
726,28,Male,Chennai
727,38,Male,Chennai
728,43,Male,Delhi
729,42,Other,Mumbai
730,39,Female,Delhi
731,44,Male,Bangalore
732,30,Other,Chennai
733,50,Female,Hyderabad
734,51,Other,Bangalore
735,58,Female,Chennai
736,52,Other,Delhi
737,18,Female,Bangalore
738,38,Male,Chennai
739,23,Female,Mumbai
740,45,Other,Mumbai
741,34,Other,Hyderabad
742,22,Female,Chennai
743,48,Male,Mumbai
744,22,Male,Delhi
745,55,Female,Chennai
746,20,Female,Delhi
747,40,Other,Delhi
748,54,Male,Mumbai
749,54,Female,Chennai
750,27,Male,Bangalore
751,27,Female,Mumbai
752,36,Female,Mumbai
753,34,Male,Chennai
754,38,Female,Chennai
755,31,Female,Delhi
756,26,Other,Chennai
757,63,Female,Delhi
758,18,Female,Mumbai
759,62,Female,Hyderabad
760,30,Other,Bangalore
761,21,Male,Mumbai
762,18,Other,Chennai
763,57,Other,Bangalore
764,49,Male,Hyderabad
765,51,Other,Hyderabad
766,45,Male,Delhi
767,48,Other,Bangalore
768,25,Male,Delhi
769,56,Female,Mumbai
770,43,Other,Bangalore
771,51,Other,Mumbai
772,20,Other,Delhi
773,29,Other,Bangalore
774,18,Female,Delhi
775,61,Other,Bangalore
776,22,Female,Delhi
777,47,Female,Hyderabad
778,47,Female,Delhi
779,34,Female,Hyderabad
780,64,Male,Delhi
781,40,Male,Bangalore
782,32,Other,Bangalore
783,54,Male,Bangalore
784,38,Male,Chennai
785,31,Other,Mumbai
786,19,Other,Bangalore
787,28,Other,Hyderabad
788,56,Male,Bangalore
789,55,Male,Chennai
790,51,Other,Hyderabad
791,55,Female,Chennai
792,51,Other,Hyderabad
793,35,Female,Delhi
794,47,Female,Mumbai
795,32,Other,Mumbai
796,44,Other,Chennai
797,51,Other,Mumbai
798,55,Male,Chennai
799,50,Female,Chennai
800,41,Male,Chennai
801,32,Male,Mumbai
802,47,Other,Chennai
803,59,Male,Mumbai
804,34,Other,Chennai
805,22,Female,Bangalore
806,46,Other,Chennai
807,21,Male,Hyderabad
808,27,Male,Chennai
809,34,Other,Delhi
810,27,Other,Chennai
811,34,Male,Hyderabad
812,37,Female,Hyderabad
813,41,Female,Mumbai
814,22,Other,Bangalore
815,51,Female,Chennai
816,23,Male,Mumbai
817,19,Other,Bangalore
818,30,Male,Chennai
819,60,Male,Delhi
820,60,Female,Chennai
821,28,Other,Hyderabad
822,64,Other,Hyderabad
823,40,Female,Delhi
824,33,Male,Mumbai
825,48,Male,Bangalore
826,28,Male,Chennai
827,33,Male,Hyderabad
828,25,Other,Mumbai
829,21,Other,Delhi
830,57,Female,Hyderabad
831,21,Female,Delhi
832,42,Other,Chennai
833,20,Other,Bangalore
834,49,Male,Hyderabad
835,20,Male,Hyderabad
836,44,Female,Chennai
837,46,Other,Mumbai
838,49,Female,Bangalore
839,36,Other,Hyderabad
840,38,Male,Bangalore
841,22,Female,Hyderabad
842,35,Female,Bangalore
843,45,Other,Delhi
844,59,Male,Hyderabad
845,39,Female,Bangalore
846,38,Male,Mumbai
847,23,Female,Delhi
848,18,Male,Delhi
849,22,Other,Mumbai
850,58,Female,Bangalore
851,29,Female,Chennai
852,43,Male,Mumbai
853,63,Male,Bangalore
854,51,Female,Mumbai
855,31,Other,Mumbai
856,43,Male,Hyderabad
857,62,Male,Bangalore
858,44,Male,Chennai
859,26,Female,Hyderabad
860,43,Female,Mumbai
861,64,Female,Mumbai
862,39,Female,Mumbai
863,64,Other,Bangalore
864,47,Other,Bangalore
865,60,Female,Hyderabad
866,34,Other,Chennai
867,43,Male,Hyderabad
868,53,Male,Delhi
869,18,Male,Mumbai
870,25,Female,Mumbai
871,52,Male,Mumbai
872,32,Other,Hyderabad
873,64,Female,Hyderabad
874,39,Other,Mumbai
875,31,Male,Hyderabad
876,43,Male,Bangalore
877,45,Male,Bangalore
878,40,Female,Hyderabad
879,31,Other,Mumbai
880,41,Female,Hyderabad
881,19,Female,Hyderabad
882,62,Male,Hyderabad
883,43,Female,Delhi
884,31,Female,Bangalore
885,24,Male,Chennai
886,20,Female,Chennai
887,64,Male,Delhi
888,40,Male,Hyderabad
889,63,Male,Delhi
890,60,Male,Delhi
891,64,Female,Mumbai
892,62,Male,Bangalore
893,35,Male,Chennai
894,55,Female,Hyderabad
895,52,Female,Chennai
896,32,Other,Chennai
897,42,Female,Bangalore
898,54,Female,Chennai
899,45,Other,Chennai
900,27,Female,Delhi
901,56,Female,Bangalore
902,34,Female,Mumbai
903,56,Female,Hyderabad
904,39,Other,Chennai
905,43,Female,Hyderabad
906,61,Female,Mumbai
907,42,Other,Hyderabad
908,34,Male,Mumbai
909,30,Other,Delhi
910,37,Male,Chennai
911,42,Other,Mumbai
912,21,Other,Hyderabad
913,27,Female,Chennai
914,20,Male,Delhi
915,58,Female,Chennai
916,62,Male,Mumbai
917,35,Other,Delhi
918,64,Other,Hyderabad
919,53,Male,Delhi
920,64,Female,Delhi
921,39,Female,Bangalore
922,51,Female,Delhi
923,64,Female,Delhi
924,25,Other,Chennai
925,57,Other,Hyderabad
926,61,Other,Chennai
927,36,Other,Chennai
928,59,Other,Mumbai
929,58,Female,Chennai
930,54,Female,Bangalore
931,23,Female,Bangalore
932,43,Female,Mumbai
933,51,Other,Hyderabad
934,62,Other,Hyderabad
935,23,Other,Chennai
936,54,Male,Chennai
937,50,Female,Chennai
938,39,Female,Hyderabad
939,38,Other,Delhi
940,23,Female,Bangalore
941,23,Female,Delhi
942,21,Other,Delhi
943,47,Male,Hyderabad
944,28,Male,Delhi
945,47,Male,Mumbai
946,48,Other,Chennai
947,41,Female,Mumbai
948,26,Other,Bangalore
949,20,Other,Chennai
950,48,Female,Delhi
951,57,Male,Bangalore
952,54,Male,Chennai
953,53,Other,Delhi
954,41,Male,Mumbai
955,48,Other,Chennai
956,23,Other,Delhi
957,19,Female,Mumbai
958,37,Female,Bangalore
959,45,Female,Bangalore
960,28,Other,Bangalore
961,21,Female,Bangalore
962,32,Male,Hyderabad
963,23,Male,Chennai
964,47,Other,Chennai
965,55,Other,Hyderabad
966,19,Female,Delhi
967,32,Other,Delhi
968,28,Other,Bangalore
969,25,Male,Mumbai
970,43,Male,Delhi
971,62,Female,Mumbai
972,61,Other,Chennai
973,22,Other,Mumbai
974,23,Male,Chennai
975,43,Other,Hyderabad
976,21,Male,Hyderabad
977,36,Female,Bangalore
978,37,Male,Delhi
979,50,Other,Bangalore
980,37,Female,Chennai
981,29,Male,Bangalore
982,64,Male,Mumbai
983,18,Female,Chennai
984,43,Female,Hyderabad
985,31,Male,Delhi
986,55,Other,Chennai
987,54,Male,Chennai
988,28,Female,Mumbai
989,53,Male,Delhi
990,30,Female,Hyderabad
991,60,Female,Chennai
992,20,Other,Chennai
993,50,Female,Mumbai
994,23,Female,Bangalore
995,27,Other,Hyderabad
996,22,Female,Delhi
997,40,Other,Chennai
998,27,Other,Chennai
999,61,Female,Hyderabad
1000,19,Female,Bangalore
